NOMBRE,CSP,UBICACIÓN,CORDINACION,GENERO,TIPO DE UNIFORME,COLOR/ FLANJA,CAMISOLA,PANTALON,CHAMARRA,BOTA,CINTURON,RECIBIO
HERNANDEZ LEYVA CARLOS ALBERTO,210044356,TOLUCA,SUBSECRETARIA DE POLICIA ESTATAL,HOMBRE,RAPIDO,AZUL,L,32,L,26,32,FALSO
ABAD IGNACIO JONATTAN,210044235,TOLUCA,SUBSECRETARIA DE POLICIA ESTATAL,HOMBRE,RAPIDO,AZUL,,,,,,FALSO
ALLENDE CRUZ DAVID,210044374,TOLUCA,SUBSECRETARIA DE POLICIA ESTATAL,HOMBRE,RAPIDO,AZUL,S,32,S,27,32,FALSO
ASTUDILLO GARCIA DANIEL,210044240,TOLUCA,SUBSECRETARIA DE POLICIA ESTATAL,HOMBRE,RAPIDO,AZUL,S,30,S,28,30,FALSO
CAMPOA SOTELO JUAN ANTONIO,210045314,TOLUCA,SUBSECRETARIA DE POLICIA ESTATAL,HOMBRE,RAPIDO,AZUL,,,,,,FALSO
CAN GONGORA JAIME AUSENCIO,210053363,TOLUCA,SUBSECRETARIA DE POLICIA ESTATAL,HOMBRE,RAPIDO,AZUL,S,32,S,26,32,FALSO
JULIO CANTORAN MARCO ANTONIO,210054051,TOLUCA,SUBSECRETARIA DE POLICIA ESTATAL,HOMBRE,RAPIDO,AZUL,XL,40,XL,24,40,FALSO
LARA HERNANDEZ MAURICIO,210044289,TOLUCA,SUBSECRETARIA DE POLICIA ESTATAL,HOMBRE,RAPIDO,AZUL,S,30,S,26,30,FALSO
ORTIZ OLIVARES MISAEL JOSE LUIS,210045159,TOLUCA,SUBSECRETARIA DE POLICIA ESTATAL,HOMBRE,RAPIDO,AZUL,M,34,M,26,34,FALSO
RAMIREZ VAZQUEZ IVAN,210051942,TOLUCA,SUBSECRETARIA DE POLICIA ESTATAL,HOMBRE,RAPIDO,AZUL,,,,,,FALSO
SOLAR SIBAJA ESTIHP,210044369,TOLUCA,SUBSECRETARIA DE POLICIA ESTATAL,HOMBRE,RAPIDO,AZUL,XL,40,XL,29,40,FALSO
UC TREJO BERNARDO,210059436,TOLUCA,SUBSECRETARIA DE POLICIA ESTATAL,HOMBRE,RAPIDO,AZUL,S,32,S,28,32,FALSO
DE JESUS FLORES CESAR,210045315,TOLUCA,SUBSECRETARIA DE POLICIA ESTATAL,HOMBRE,RAPIDO,AZUL,,,,,,FALSO
SEGURA SUAREZ RUBEN,997669310,TOLUCA,USES,HOMBRE,RAPIDO,AZUL,S,34,S,27,34,FALSO
DAVILA CASIANO MARCO ANTONIO,998532837,TOLUCA,USES,HOMBRE,RAPIDO,AZUL,,,,,,FALSO
VALLEJO LOPEZ JOSE ANTONIO,998168249,TOLUCA,USES,HOMBRE,RAPIDO,AZUL,S,32,S,26,32,FALSO
GONZALES MORALES JOSE ANTONIO,997851018,TOLUCA,USES,HOMBRE,RAPIDO,AZUL,L,34,L,28,34,FALSO
MONTIEL FLORES HORACIO,998116916,TOLUCA,USES,HOMBRE,RAPIDO,AZUL,,,,,,FALSO
ENRIQUEZ SANDOVAL RAYMNDO,997261796,TOLUCA,USES,HOMBRE,RAPIDO,AZUL,S,32,S,28,32,FALSO
ARIAS GARCIA OMAR,997848490,TOLUCA,USES,HOMBRE,RAPIDO,AZUL,,,,,,FALSO
REYES DELGADO LAURA VERONICA,998262286,TOLUCA,USES,HOMBRE,RAPIDO,AZUL,XS,0,XS,22,0,FALSO
RODRIGEZ JIMENEZ JUAN ANDRES,998170154,TOLUCA,USES,HOMBRE,RAPIDO,AZUL,S,32,S,27,32,FALSO
HERNANDEZ JARAMILLO ROMAN,998258858,TOLUCA,USES,HOMBRE,RAPIDO,AZUL,M,34,M,29,34,FALSO
RECILLAS GUTIERREZ ARMANDO,995165521,TOLUCA,USES,HOMBRE,RAPIDO,AZUL,M,34,M,28,34,FALSO
REBOLLO SOSA JOSE ANTONIO,998448918,TOLUCA,USES,HOMBRE,RAPIDO,AZUL,L,36,L,9,36,FALSO
RIVERA SANTANA DANIEL,997853805,TOLUCA,USES,HOMBRE,RAPIDO,AZUL,S,32,S,27,32,FALSO
ROMAN HERNANDEZ OMAR,998327174,TOLUCA,USES,HOMBRE,RAPIDO,AZUL,L,36,L,28,36,FALSO
VARGAS VILLALVA CESAR AGUSTO,998318857,TOLUCA,USES,HOMBRE,RAPIDO,AZUL,M,32,M,27,32,FALSO
SERRANO MIRANDA JUAN FERNANDO,997632176,TOLUCA,USES,HOMBRE,RAPIDO,AZUL,S,32,S,25,32,FALSO
ALMAZAN LEON JOSE GUADALUPE,997967827,TOLUCA,USES,HOMBRE,RAPIDO,AZUL,,,,,,FALSO
MARTINEZ ALEMAN MARCIA ESTEFANIA,210032558,TOLUCA,USES,HOMBRE,RAPIDO,AZUL,M,10,M,25,10,FALSO
VALDEZ ALANUZA ROSALIO,997263495,TOLUCA,USES,HOMBRE,RAPIDO,AZUL,S,34,S,28,34,FALSO
SOTELO RICARDO JOSE GUADALUPE,997195022,TOLUCA,USES,HOMBRE,RAPIDO,AZUL,M,32,M,26,32,FALSO
ROMERO ROSALES SALVADOR,998258919,TOLUCA,USES,HOMBRE,RAPIDO,AZUL,,,,,,FALSO
REYES ESQUIVEL FORTINO,997669000,TOLUCA,USES,HOMBRE,RAPIDO,AZUL,M,34,M,26,34,FALSO
GONZALES GOMEZ SAMUEL,998409470,TOLUCA,USES,HOMBRE,RAPIDO,AZUL,S,32,S,27,32,FALSO
GONZALEZ EZQUIVEL VICTOR,985659507,TOLUCA,USES,HOMBRE,RAPIDO,AZUL,L,36,L,28,36,FALSO
PINELA SILVA ARIEL,210025824,TOLUCA,USES,HOMBRE,RAPIDO,AZUL,,,,,,FALSO
PEDROZA MOLINA JOSÉ,998370873,TOLUCA,COORDINACIÓN GRUPOS TÁCTICOS,HOMBRE,RAPIDO,AZUL,S,32,S,28,32,FALSO
MARTÍNEZ GARCÍA FRANCISCO ,,TOLUCA,COORDINACIÓN GRUPOS TÁCTICOS,HOMBRE,RAPIDO,AZUL,,,,,,FALSO
CORTEZ GONZALEZ EDGAR,998249036,TOLUCA,COORDINACIÓN GRUPOS TÁCTICOS,HOMBRE,RAPIDO,AZUL,XS,30,XS,25,30,FALSO
GONZALEZ RIVERA MONICA ESTEFANIA,998370299,TOLUCA,COORDINACIÓN GRUPOS TÁCTICOS,MUJER,RAPIDO,AZUL,S,6,S,24,6,FALSO
GARCÍA MARTÍNEZ GILBERTO,998438313,TOLUCA,COORDINACIÓN GRUPOS TÁCTICOS,HOMBRE,RAPIDO,AZUL,XL,36,XL,29,36,FALSO
GUADARRAMA SALOMÉ ERICK VLADIMIR,,TOLUCA,COORDINACIÓN GRUPOS TÁCTICOS,HOMBRE,RAPIDO,AZUL,,,,,,FALSO
MOLINA HERNÁNDEZ WISTANO,998244461,TOLUCA,COORDINACIÓN GRUPOS TÁCTICOS,HOMBRE,RAPIDO,AZUL,,,,,,FALSO
GALINGO GUTIERREZ NÉSTOR,998326850,TOLUCA,COORDINACIÓN GRUPOS TÁCTICOS,HOMBRE,RAPIDO,AZUL,S,32,S,27,32,FALSO
FERRERA ROMERO CARLOS URIEL,998480451,TOLUCA,COORDINACIÓN GRUPOS TÁCTICOS,HOMBRE,RAPIDO,AZUL,M,34,M,26,34,FALSO
ROMERO CHAVEZ ARTEMIO,,TOLUCA,COORDINACIÓN GRUPOS TÁCTICOS,HOMBRE,RAPIDO,AZUL,,,,,,FALSO
ZARAGOZA ACERO ALFONSO,998241124,TOLUCA,COORDINACIÓN GRUPOS TÁCTICOS,HOMBRE,RAPIDO,AZUL,M,32,M,27,32,FALSO
TORRES GONZALES MICHEL,998371188,TOLUCA,COORDINACIÓN GRUPOS TÁCTICOS,HOMBRE,RAPIDO,AZUL,M,32,M,26,32,FALSO
OCAMPO GUERRERO ERASMO ALEJANDRO,998480497,TOLUCA,COORDINACIÓN GRUPOS TÁCTICOS,HOMBRE,RAPIDO,AZUL,L,36,L,28,36,FALSO
ALVA DIAZ JONATHAN JAIR,998370590,TOLUCA,COORDINACIÓN GRUPOS TÁCTICOS,HOMBRE,RAPIDO,AZUL,XS,32,XS,26,32,FALSO
CONDE MARTINEZ JUAN,,TOLUCA,COORDINACIÓN GRUPOS TÁCTICOS,HOMBRE,RAPIDO,AZUL,,,,,,FALSO
VALDES VALDES ERICK,,TOLUCA,COORDINACIÓN GRUPOS TÁCTICOS,HOMBRE,RAPIDO,AZUL,,,,,,FALSO
ANDRES HERNANDEZ PEDRO,,TOLUCA,COORDINACIÓN GRUPOS TÁCTICOS,HOMBRE,RAPIDO,AZUL,,,,,,FALSO
CIENEGA ANTONIO JUAN JÓSE,998368551,TOLUCA,COORDINACIÓN GRUPOS TÁCTICOS,HOMBRE,RAPIDO,AZUL,,,,,,FALSO
GARCÍA ORTA ULISES,998325660,TOLUCA,COORDINACIÓN GRUPOS TÁCTICOS,HOMBRE,RAPIDO,AZUL,S,32,XS,27,32,FALSO
AGUILAR GOMEZ JONATHAN LUCIANO,998406536,TOLUCA,COORDINACIÓN GRUPOS TÁCTICOS,HOMBRE,RAPIDO,AZUL,L,34,L,27,34,FALSO
MORALES AVELAR NOÉ,998253677,TOLUCA,COORDINACIÓN GRUPOS TÁCTICOS,HOMBRE,RAPIDO,AZUL,L,36,L,28,36,FALSO
PERÉZ FABIOLA,998255039,TOLUCA,COORDINACIÓN GRUPOS TÁCTICOS,MUJER,RAPIDO,AZUL,,,,,,FALSO
RIVERA ORTIZ FRANCISCO ANTONIO,998244518,TOLUCA,COORDINACIÓN GRUPOS TÁCTICOS,HOMBRE,RAPIDO,AZUL,,,,,,FALSO
